author,title,like,Link,Sequence,Date,User,Comment
HWZ Forums,CECA Bui Chee retrenched wor...158th report so kelian. EDMWers got lobang for her ??,49,https://forums.hardwarezone.com.sg/eat-drink-man-woman-16/ceca-bui-chee-retrenched-wor-158th-report-so-kelian-edmwers-got-lobang-her-6358262.html,1,"17-08-2020, 02:06 PM",heughoghap,",Out of work, but she's keeping busy amid job hunt.,,When former business analyst Srividhya Ganapathy Sundaram, 29, was retrenched in May, she felt discouraged.,,But after taking a few weeks to settle her emotions, the,who moved to Singapore four years ago decided to take a positive approach to the situation and saw it as a chance to pick up new skills.,,In the past three months, in between sending out job applications and networking with contacts, she has started learning German and Sanskrit, and spent time painting.,,""I cannot sit idle at home, so I try to make sure I never have a dull day,"" said Ms Ganapathy Sundaram, who is on an Employment Pass. Her husband is working as a mechanical engineer on an S-pass. They do not have children.,,She had been working at a global software company for almost two years when the retrenchment notice hit like ""a bolt from the blue"", she said. ""I was completely shocked, because I didn't think I was doing badly at work... They simply said that my position was being made redundant,"" she said.,,After the retrenchment, one of the first things she did was to get in touch with various contacts she had made over the years to let them know about her job search.,,There has been at least one job offer which is in the works.,,But being a foreigner has also made the job search more difficult she said, as one of the first few questions potential employers ask is whether she is a Singaporean or a permanent resident. ""I do feel discouraged because although I am not a local, I have worked hard. It does feel like I had to start over again, and that I am back to square one in terms of my career,"" she said.,,During these trying times, when retrenchments are becoming more common, the reality is that,might find it harder to secure jobs, said Ms Ganapathy Sundaram, who,. Still, she acknowledges that it makes sense that any country will give priority to its locals in terms of jobs and policies."
,,,https://forums.hardwarezone.com.sg/eat-drink-man-woman-16/ceca-bui-chee-retrenched-wor-158th-report-so-kelian-edmwers-got-lobang-her-6358262.html,2,"17-08-2020, 02:07 PM",xboxer,I care. I really do. Look in my eyes and you see how much I care.
,,,https://forums.hardwarezone.com.sg/eat-drink-man-woman-16/ceca-bui-chee-retrenched-wor-158th-report-so-kelian-edmwers-got-lobang-her-6358262.html,3,"17-08-2020, 02:09 PM",thattragedy,Why learn German leh? Come SG must learn Mandarin and dialect
,,,https://forums.hardwarezone.com.sg/eat-drink-man-woman-16/ceca-bui-chee-retrenched-wor-158th-report-so-kelian-edmwers-got-lobang-her-6358262.html,4,"17-08-2020, 02:09 PM",Redbull1628,local alrdy no jobs....do grab food......y shd we care for these shlt?
,,,https://forums.hardwarezone.com.sg/eat-drink-man-woman-16/ceca-bui-chee-retrenched-wor-158th-report-so-kelian-edmwers-got-lobang-her-6358262.html,5,"17-08-2020, 02:09 PM",ramlee,her countrymen leeching here is looking for maids right?
,,,https://forums.hardwarezone.com.sg/eat-drink-man-woman-16/ceca-bui-chee-retrenched-wor-158th-report-so-kelian-edmwers-got-lobang-her-6358262.html,6,"17-08-2020, 02:10 PM",sanzhu,Uptron gal look forward to hearing from nisha
,,,https://forums.hardwarezone.com.sg/eat-drink-man-woman-16/ceca-bui-chee-retrenched-wor-158th-report-so-kelian-edmwers-got-lobang-her-6358262.html,7,"17-08-2020, 02:12 PM",Level42,Locals include PRs. This type called expat. Everything haywire.
,,,https://forums.hardwarezone.com.sg/eat-drink-man-woman-16/ceca-bui-chee-retrenched-wor-158th-report-so-kelian-edmwers-got-lobang-her-6358262.html,8,"17-08-2020, 02:12 PM",Medicated Oil,"The 158 times is a joke.,There are so many jobless local sinkie and they have to write about a FS who ditched her homeland to come over.,She can still return to her country and find a job.,,Seriously, they have to write fairy tale about employers caring whether the applicant is sinkie or not.,Mai lai lah.,Stop treating sinkie like idiots and write this kind of fiction."
,,,https://forums.hardwarezone.com.sg/eat-drink-man-woman-16/ceca-bui-chee-retrenched-wor-158th-report-so-kelian-edmwers-got-lobang-her-6358262.html,9,"17-08-2020, 02:12 PM",orpisia,"Yes f off with the entitled mindset that they have: ""hey, sinkies get this get that, how about foreigners like me?"""
,,,https://forums.hardwarezone.com.sg/eat-drink-man-woman-16/ceca-bui-chee-retrenched-wor-158th-report-so-kelian-edmwers-got-lobang-her-6358262.html,10,"17-08-2020, 02:12 PM",ninefile,"no job still stay here for interview?,once their EP is canceled it will be back to social visit pass?"
,,,https://forums.hardwarezone.com.sg/eat-drink-man-woman-16/ceca-bui-chee-retrenched-wor-158th-report-so-kelian-edmwers-got-lobang-her-6358262.html,11,"17-08-2020, 02:12 PM",ping_ping_pong,I thought EP after retrench is gone? Then what pass is she holding now? Why still allowed to stay months without job? Like that is like PR already no?
,,,https://forums.hardwarezone.com.sg/eat-drink-man-woman-16/ceca-bui-chee-retrenched-wor-158th-report-so-kelian-edmwers-got-lobang-her-6358262.html,12,"17-08-2020, 02:13 PM",Dracky,"If retrenched, how does a foreigner still can get a visa to stay in Singapore?"
,,,https://forums.hardwarezone.com.sg/eat-drink-man-woman-16/ceca-bui-chee-retrenched-wor-158th-report-so-kelian-edmwers-got-lobang-her-6358262.html,13,"17-08-2020, 02:14 PM",SnakeEater,"if it is sale role that deals with india customer still can understand must hire them but ....,,"
,,,https://forums.hardwarezone.com.sg/eat-drink-man-woman-16/ceca-bui-chee-retrenched-wor-158th-report-so-kelian-edmwers-got-lobang-her-6358262.html,14,"17-08-2020, 02:14 PM",LemonSalmon,Jin sad wor!!
,,,https://forums.hardwarezone.com.sg/eat-drink-man-woman-16/ceca-bui-chee-retrenched-wor-158th-report-so-kelian-edmwers-got-lobang-her-6358262.html,15,"17-08-2020, 02:14 PM",ramlee,her husband on EP earning more than $6k
,,,https://forums.hardwarezone.com.sg/eat-drink-man-woman-16/ceca-bui-chee-retrenched-wor-158th-report-so-kelian-edmwers-got-lobang-her-6358262-2.html,16,"17-08-2020, 02:14 PM",WC32890,So that she will have an edge over locals when German companies in Singapore are hiring. Kumgomg sinkies don't want to improve themselves end up foodpanda and grab. Then ask why companies hire FT. Because of this lo.
,,,https://forums.hardwarezone.com.sg/eat-drink-man-woman-16/ceca-bui-chee-retrenched-wor-158th-report-so-kelian-edmwers-got-lobang-her-6358262-2.html,17,"17-08-2020, 02:15 PM",reallyworry,she should go back to ceca
,,,https://forums.hardwarezone.com.sg/eat-drink-man-woman-16/ceca-bui-chee-retrenched-wor-158th-report-so-kelian-edmwers-got-lobang-her-6358262-2.html,18,"17-08-2020, 02:17 PM",Level42,Her husband S-pass.
,,,https://forums.hardwarezone.com.sg/eat-drink-man-woman-16/ceca-bui-chee-retrenched-wor-158th-report-so-kelian-edmwers-got-lobang-her-6358262-2.html,19,"17-08-2020, 02:19 PM",betking,sinki or ceca ask her go back la
,,,https://forums.hardwarezone.com.sg/eat-drink-man-woman-16/ceca-bui-chee-retrenched-wor-158th-report-so-kelian-edmwers-got-lobang-her-6358262-2.html,20,"17-08-2020, 02:19 PM",fatboi666,"sowee, moi just ran out of fugs"
,,,https://forums.hardwarezone.com.sg/eat-drink-man-woman-16/ceca-bui-chee-retrenched-wor-158th-report-so-kelian-edmwers-got-lobang-her-6358262-2.html,21,"17-08-2020, 02:20 PM",eyz,"you imbecile Singaporeans, this is what you all should be doing after you get retrenched.,,not like you just lobo and enjoy your few months of retrenchment package and take your own sweet time to find a job.,,no wonder companies prefer employing foreigners."
,,,https://forums.hardwarezone.com.sg/eat-drink-man-woman-16/ceca-bui-chee-retrenched-wor-158th-report-so-kelian-edmwers-got-lobang-her-6358262-2.html,22,"17-08-2020, 02:21 PM",muddywaters,"Then f back to India lah.,Still stay here for what ?"
,,,https://forums.hardwarezone.com.sg/eat-drink-man-woman-16/ceca-bui-chee-retrenched-wor-158th-report-so-kelian-edmwers-got-lobang-her-6358262-2.html,23,"17-08-2020, 02:21 PM",Semakdd,"This mainstream paper,Ppl already dulan with CECA and 10mil population perimeter,Still unaware that publish this kind of article would upset locals"
,,,https://forums.hardwarezone.com.sg/eat-drink-man-woman-16/ceca-bui-chee-retrenched-wor-158th-report-so-kelian-edmwers-got-lobang-her-6358262-2.html,24,"17-08-2020, 02:23 PM",Lexmerc,"There you go. On EP earning $4k and that is with 4 years of local experience since she came at 25.,,So what was the value added stuff that this 24 year old brought to Singapore shores in 2015 that enabled her to earn more than $3.6k?,,Who is the contact that provided another job opportunity? Why isn't that opportunity given and made known to locals so that meritocracy can take on its natural process?,,Horrible."
,,,https://forums.hardwarezone.com.sg/eat-drink-man-woman-16/ceca-bui-chee-retrenched-wor-158th-report-so-kelian-edmwers-got-lobang-her-6358262-2.html,25,"17-08-2020, 02:24 PM",mrclubbie,go back lor
,,,https://forums.hardwarezone.com.sg/eat-drink-man-woman-16/ceca-bui-chee-retrenched-wor-158th-report-so-kelian-edmwers-got-lobang-her-6358262-2.html,26,"17-08-2020, 02:25 PM",whitecabbage,
,,,https://forums.hardwarezone.com.sg/eat-drink-man-woman-16/ceca-bui-chee-retrenched-wor-158th-report-so-kelian-edmwers-got-lobang-her-6358262-2.html,27,"17-08-2020, 02:25 PM",Taro Pie,"Deport immediately,,Posted from PCWX using √¶ÀÜÔøΩ√§¬Ω‚Ä¢√§¬Ω‚Äú√ß¬ª≈∏"
,,,https://forums.hardwarezone.com.sg/eat-drink-man-woman-16/ceca-bui-chee-retrenched-wor-158th-report-so-kelian-edmwers-got-lobang-her-6358262-2.html,28,"17-08-2020, 02:28 PM",Medicated Oil,"The elephant in the room is not her being jobless.,It is the employers are looking for sinkie and pr to fill the job vacancies which is why she cannot find a job yet.,It is total BS."
,,,https://forums.hardwarezone.com.sg/eat-drink-man-woman-16/ceca-bui-chee-retrenched-wor-158th-report-so-kelian-edmwers-got-lobang-her-6358262-2.html,29,"17-08-2020, 02:28 PM",SatkiBoy,"She planning to go Germany liao... SG too low class for her,,Sent from Samsung SM-N960F using GAGT"
,,,https://forums.hardwarezone.com.sg/eat-drink-man-woman-16/ceca-bui-chee-retrenched-wor-158th-report-so-kelian-edmwers-got-lobang-her-6358262-2.html,30,"17-08-2020, 02:29 PM",sugaricing83,Madam ho ching can employ her!!
,,,https://forums.hardwarezone.com.sg/eat-drink-man-woman-16/ceca-bui-chee-retrenched-wor-158th-report-so-kelian-edmwers-got-lobang-her-6358262-3.html,31,"17-08-2020, 02:29 PM",SatkiBoy,"Later go back kena laped how?,,Sent from Samsung SM-N960F using GAGT"
,,,https://forums.hardwarezone.com.sg/eat-drink-man-woman-16/ceca-bui-chee-retrenched-wor-158th-report-so-kelian-edmwers-got-lobang-her-6358262-3.html,32,"17-08-2020, 02:30 PM",lazysundae,"if no more EP why still allowed to stay and look for job,,Sent from Anfield YNWA using GAGT"
,,,https://forums.hardwarezone.com.sg/eat-drink-man-woman-16/ceca-bui-chee-retrenched-wor-158th-report-so-kelian-edmwers-got-lobang-her-6358262-3.html,33,"17-08-2020, 02:30 PM",gerrychua,Thought only given 2 weeks after retrenchment for EP holder. How she manage to stay on for more than 3 months?
,,,https://forums.hardwarezone.com.sg/eat-drink-man-woman-16/ceca-bui-chee-retrenched-wor-158th-report-so-kelian-edmwers-got-lobang-her-6358262-3.html,34,"17-08-2020, 02:31 PM",daylight,"they r so good at this,,But being a foreigner has also made the job search more difficult she said, as one of the first few questions potential employers ask is whether she is a Singaporean or a permanent resident. ""I do feel discouraged because although I am not a local, I have worked hard. It does feel like I had to start over again, and that I am back to square one in terms of my career,"" she said."
,,,https://forums.hardwarezone.com.sg/eat-drink-man-woman-16/ceca-bui-chee-retrenched-wor-158th-report-so-kelian-edmwers-got-lobang-her-6358262-3.html,35,"17-08-2020, 02:32 PM",nymous,why it become sinkapore problem?
,,,https://forums.hardwarezone.com.sg/eat-drink-man-woman-16/ceca-bui-chee-retrenched-wor-158th-report-so-kelian-edmwers-got-lobang-her-6358262-3.html,36,"17-08-2020, 02:32 PM",knoxville,Faster help her get PR approved so all cannot question
,,,https://forums.hardwarezone.com.sg/eat-drink-man-woman-16/ceca-bui-chee-retrenched-wor-158th-report-so-kelian-edmwers-got-lobang-her-6358262-3.html,37,"17-08-2020, 02:32 PM",nymous,is st become ceca newspaper?
,,,https://forums.hardwarezone.com.sg/eat-drink-man-woman-16/ceca-bui-chee-retrenched-wor-158th-report-so-kelian-edmwers-got-lobang-her-6358262-3.html,38,"17-08-2020, 02:32 PM",Abjure,Jin satki earn 4k can be called expat nowadayd
,,,https://forums.hardwarezone.com.sg/eat-drink-man-woman-16/ceca-bui-chee-retrenched-wor-158th-report-so-kelian-edmwers-got-lobang-her-6358262-3.html,39,"17-08-2020, 02:33 PM",lenscapes,The hubby can retrench/quit/sack n happily go back to her motherland with her
,,,https://forums.hardwarezone.com.sg/eat-drink-man-woman-16/ceca-bui-chee-retrenched-wor-158th-report-so-kelian-edmwers-got-lobang-her-6358262-3.html,40,"17-08-2020, 02:37 PM",Tony.Manero,Smells like propaganda
,,,https://forums.hardwarezone.com.sg/eat-drink-man-woman-16/ceca-bui-chee-retrenched-wor-158th-report-so-kelian-edmwers-got-lobang-her-6358262-3.html,41,"17-08-2020, 02:38 PM",Tony.Manero,It's almost like asking people to be sympathetic to their plight. Doesn't it sound like propaganda?
,,,https://forums.hardwarezone.com.sg/eat-drink-man-woman-16/ceca-bui-chee-retrenched-wor-158th-report-so-kelian-edmwers-got-lobang-her-6358262-3.html,42,"17-08-2020, 02:38 PM",lbcben,sg her stepping stone mah.....her final destination is Germany
,,,https://forums.hardwarezone.com.sg/eat-drink-man-woman-16/ceca-bui-chee-retrenched-wor-158th-report-so-kelian-edmwers-got-lobang-her-6358262-3.html,43,"17-08-2020, 02:40 PM",gravity_infinity,üôÑüôÑüôÑüôÑüôÑüôÑüôÑüôÑis it a virtue signaling article?
,,,https://forums.hardwarezone.com.sg/eat-drink-man-woman-16/ceca-bui-chee-retrenched-wor-158th-report-so-kelian-edmwers-got-lobang-her-6358262-3.html,44,"17-08-2020, 02:41 PM",gravity_infinity,ya loh...how come ah?
,,,https://forums.hardwarezone.com.sg/eat-drink-man-woman-16/ceca-bui-chee-retrenched-wor-158th-report-so-kelian-edmwers-got-lobang-her-6358262-3.html,45,"17-08-2020, 02:41 PM",HellriderZD,"Wait ho Ching go whack us on FB again ah,,Sent from Xiaomi MI 8 LITE using GAGT"
,,,https://forums.hardwarezone.com.sg/eat-drink-man-woman-16/ceca-bui-chee-retrenched-wor-158th-report-so-kelian-edmwers-got-lobang-her-6358262-4.html,46,"17-08-2020, 02:44 PM",m/mink,"$4k a month is call expat? Did they house her in a private service apartment?,,She can take the next flight back to India. Nobody cares."
,,,https://forums.hardwarezone.com.sg/eat-drink-man-woman-16/ceca-bui-chee-retrenched-wor-158th-report-so-kelian-edmwers-got-lobang-her-6358262-4.html,47,"17-08-2020, 02:45 PM",whitecabbage,The smugness and the entitlement of foreigners here is amazing
,,,https://forums.hardwarezone.com.sg/eat-drink-man-woman-16/ceca-bui-chee-retrenched-wor-158th-report-so-kelian-edmwers-got-lobang-her-6358262-4.html,48,"17-08-2020, 02:45 PM",ponpokku,"lobang? sure.,,"
,,,https://forums.hardwarezone.com.sg/eat-drink-man-woman-16/ceca-bui-chee-retrenched-wor-158th-report-so-kelian-edmwers-got-lobang-her-6358262-4.html,49,"17-08-2020, 02:45 PM",2359_hrs,"No wonder employers love her, so cheap for  7 years experience. Drawing fresh grad pay equivalent since they no CPF.,,Sent from Ten kkj Thanks using GAGT"
,,,https://forums.hardwarezone.com.sg/eat-drink-man-woman-16/ceca-bui-chee-retrenched-wor-158th-report-so-kelian-edmwers-got-lobang-her-6358262-4.html,50,"17-08-2020, 02:46 PM",edwinyahoo,Absolutely agree with you.
,,,https://forums.hardwarezone.com.sg/eat-drink-man-woman-16/ceca-bui-chee-retrenched-wor-158th-report-so-kelian-edmwers-got-lobang-her-6358262-4.html,51,"17-08-2020, 02:46 PM",suzukaze,"We just need few more trees to fall,"
,,,https://forums.hardwarezone.com.sg/eat-drink-man-woman-16/ceca-bui-chee-retrenched-wor-158th-report-so-kelian-edmwers-got-lobang-her-6358262-4.html,52,"17-08-2020, 02:48 PM",Batavia King,Hopefully she gain employment soon.
,,,https://forums.hardwarezone.com.sg/eat-drink-man-woman-16/ceca-bui-chee-retrenched-wor-158th-report-so-kelian-edmwers-got-lobang-her-6358262-4.html,53,"17-08-2020, 02:48 PM",laopokcar_g,"Give her pink ic lah. It's cheap anyway,,Sent from - CECA is Corporates Enriched, Citizens Angry -  using GAGT"
,,,https://forums.hardwarezone.com.sg/eat-drink-man-woman-16/ceca-bui-chee-retrenched-wor-158th-report-so-kelian-edmwers-got-lobang-her-6358262-4.html,54,"17-08-2020, 02:48 PM",Nevereatrice,They hope sinkies will forever entrap and circle around in the skill upgrade propaganda while they import ceca  behind song song
,,,https://forums.hardwarezone.com.sg/eat-drink-man-woman-16/ceca-bui-chee-retrenched-wor-158th-report-so-kelian-edmwers-got-lobang-her-6358262-4.html,55,"17-08-2020, 02:49 PM",satayxp,"wtf 4k monthly only? this is not talent just economic refugee,why the fark is she doing here?,wat can she do tat our fresh grads can't?"
,,,https://forums.hardwarezone.com.sg/eat-drink-man-woman-16/ceca-bui-chee-retrenched-wor-158th-report-so-kelian-edmwers-got-lobang-her-6358262-4.html,56,"17-08-2020, 02:49 PM",edwinyahoo,She should sent her plea to Modi an wait if he is able to help her
,,,https://forums.hardwarezone.com.sg/eat-drink-man-woman-16/ceca-bui-chee-retrenched-wor-158th-report-so-kelian-edmwers-got-lobang-her-6358262-4.html,57,"17-08-2020, 02:49 PM",berger,"i thought foreigners bring in good jobs for us and are supposed to complement our workforce...,,so what kind of talent/jobs with a salary of $4000 locals cannot fill???"
,,,https://forums.hardwarezone.com.sg/eat-drink-man-woman-16/ceca-bui-chee-retrenched-wor-158th-report-so-kelian-edmwers-got-lobang-her-6358262-4.html,58,"17-08-2020, 02:51 PM",edwinyahoo,"Yes, asap from where she originates from."
,,,https://forums.hardwarezone.com.sg/eat-drink-man-woman-16/ceca-bui-chee-retrenched-wor-158th-report-so-kelian-edmwers-got-lobang-her-6358262-4.html,59,"17-08-2020, 02:52 PM",laopokcar_g,"She can allow GLC and pap to song song invest and lose money in India!,,The main advantage over hiring a Singaporean,,Sent from - CECA is Corporates Enriched, Citizens Angry -  using GAGT"
,,,https://forums.hardwarezone.com.sg/eat-drink-man-woman-16/ceca-bui-chee-retrenched-wor-158th-report-so-kelian-edmwers-got-lobang-her-6358262-4.html,60,"17-08-2020, 02:52 PM",edwinyahoo,"Yes, asap from where she originated from...."
,,,https://forums.hardwarezone.com.sg/eat-drink-man-woman-16/ceca-bui-chee-retrenched-wor-158th-report-so-kelian-edmwers-got-lobang-her-6358262-5.html,61,"17-08-2020, 02:52 PM",SMLJMIW,Since when did ST become Sanskrit Times?
,,,https://forums.hardwarezone.com.sg/eat-drink-man-woman-16/ceca-bui-chee-retrenched-wor-158th-report-so-kelian-edmwers-got-lobang-her-6358262-5.html,62,"17-08-2020, 02:54 PM",PatrickTheStarFish,"She should FO from Singapore,,Nobody cares"
,,,https://forums.hardwarezone.com.sg/eat-drink-man-woman-16/ceca-bui-chee-retrenched-wor-158th-report-so-kelian-edmwers-got-lobang-her-6358262-5.html,63,"17-08-2020, 02:56 PM",Albedo,Already drop hints on where she is going after getting SG passport.
,,,https://forums.hardwarezone.com.sg/eat-drink-man-woman-16/ceca-bui-chee-retrenched-wor-158th-report-so-kelian-edmwers-got-lobang-her-6358262-5.html,64,"17-08-2020, 03:00 PM",Albedo,"Complement ki lan.,She is just to make up the numbers so that India happy and Temasek can happily go there ""invest""."
,,,https://forums.hardwarezone.com.sg/eat-drink-man-woman-16/ceca-bui-chee-retrenched-wor-158th-report-so-kelian-edmwers-got-lobang-her-6358262-5.html,65,"17-08-2020, 03:08 PM",Medicated Oil,"Her nationality is already stated and covered in the application form that she submitted before attending the interview.,So, why would the employers ask her such a stupid question ?,,The press is really treating sinkie as idiots to spin such a tale in their papers and expecting sinkie to believe it."
,,,https://forums.hardwarezone.com.sg/eat-drink-man-woman-16/ceca-bui-chee-retrenched-wor-158th-report-so-kelian-edmwers-got-lobang-her-6358262-5.html,66,"17-08-2020, 03:09 PM",Medicated Oil,The Empress is happy to continue her losing streak and achieve greater loss with our money.
,,,https://forums.hardwarezone.com.sg/eat-drink-man-woman-16/ceca-bui-chee-retrenched-wor-158th-report-so-kelian-edmwers-got-lobang-her-6358262-5.html,67,"17-08-2020, 03:40 PM",Woshileeroy,"Heng I jobless from april, I learnt 18 languages, 12 types of martial arts. Mastered kage bushin no jitsu and rasengan while learning too. Now almost mastering kamehameha.."
,,,https://forums.hardwarezone.com.sg/eat-drink-man-woman-16/ceca-bui-chee-retrenched-wor-158th-report-so-kelian-edmwers-got-lobang-her-6358262-5.html,68,"17-08-2020, 03:42 PM",FappingKing,"Why is this news?,,A random ceca jobless got what to do with us?"
,,,https://forums.hardwarezone.com.sg/eat-drink-man-woman-16/ceca-bui-chee-retrenched-wor-158th-report-so-kelian-edmwers-got-lobang-her-6358262-5.html,69,"17-08-2020, 03:44 PM",dannytan87,"ÂëÉÂëÉÂëÉÂëÉÂëÉÂëÉÂëÉÂëÉÂëÉÂëÉ„ÄÇ„ÄÇ„ÄÇ„ÄÇ„ÄÇ,,Âπ≤Êàë‰Ωï‰∫ãÔºüÔºüÔºüÔºüÔºüÔºüÔºüÔºü"
,,,https://forums.hardwarezone.com.sg/eat-drink-man-woman-16/ceca-bui-chee-retrenched-wor-158th-report-so-kelian-edmwers-got-lobang-her-6358262-5.html,70,"17-08-2020, 03:44 PM",edwinyahoo,I won't be suprised if soon the SPH ST kelapa will be from CECA.
,,,https://forums.hardwarezone.com.sg/eat-drink-man-woman-16/ceca-bui-chee-retrenched-wor-158th-report-so-kelian-edmwers-got-lobang-her-6358262-5.html,71,"17-08-2020, 03:45 PM",tank_t,"Why 4k need to hire ft?? If really talent should get way way higher salary. This is direct job competition with local.,,We need talent, and good talents. Company must be willingly to pay for them."
,,,https://forums.hardwarezone.com.sg/eat-drink-man-woman-16/ceca-bui-chee-retrenched-wor-158th-report-so-kelian-edmwers-got-lobang-her-6358262-5.html,72,"17-08-2020, 03:53 PM",edwinyahoo,"ST have nothing better to publish.,One of the ""victim"" was retrenched at the age of 29 and she said ""I never expected to be retrenched at my age"" must be in comfort zone and complacent for too long.,She also said that her pregnancy was ""unexpected"" really made my head spin.....,During old days, nurses will say ""when having sex shiok shiok,, when giving birth scream and shout"""
,,,https://forums.hardwarezone.com.sg/eat-drink-man-woman-16/ceca-bui-chee-retrenched-wor-158th-report-so-kelian-edmwers-got-lobang-her-6358262-5.html,73,"17-08-2020, 03:55 PM",mewmew,dome 3 also leeject this trash
,,,https://forums.hardwarezone.com.sg/eat-drink-man-woman-16/ceca-bui-chee-retrenched-wor-158th-report-so-kelian-edmwers-got-lobang-her-6358262-5.html,74,"17-08-2020, 03:56 PM",yonglimm,
,,,https://forums.hardwarezone.com.sg/eat-drink-man-woman-16/ceca-bui-chee-retrenched-wor-158th-report-so-kelian-edmwers-got-lobang-her-6358262-5.html,75,"17-08-2020, 03:57 PM",BeezaBabu,"cannot be bothered with CECA thrash.,,we should be looking out for fellow singaporeans"
,,,https://forums.hardwarezone.com.sg/eat-drink-man-woman-16/ceca-bui-chee-retrenched-wor-158th-report-so-kelian-edmwers-got-lobang-her-6358262-6.html,76,"17-08-2020, 03:57 PM",icansing,"$4k is talent a?,"
,,,https://forums.hardwarezone.com.sg/eat-drink-man-woman-16/ceca-bui-chee-retrenched-wor-158th-report-so-kelian-edmwers-got-lobang-her-6358262-6.html,77,"17-08-2020, 03:59 PM",alamakbabi,i am overjoyed after reading this
,,,https://forums.hardwarezone.com.sg/eat-drink-man-woman-16/ceca-bui-chee-retrenched-wor-158th-report-so-kelian-edmwers-got-lobang-her-6358262-6.html,78,"17-08-2020, 04:04 PM",yonglimm,
,,,https://forums.hardwarezone.com.sg/eat-drink-man-woman-16/ceca-bui-chee-retrenched-wor-158th-report-so-kelian-edmwers-got-lobang-her-6358262-6.html,79,"17-08-2020, 04:05 PM",makann,"whats the point behind such article???    our problem these foreigners lost their jobs????,,heng, i dont subscribe or buy this paper"
,,,https://forums.hardwarezone.com.sg/eat-drink-man-woman-16/ceca-bui-chee-retrenched-wor-158th-report-so-kelian-edmwers-got-lobang-her-6358262-6.html,80,"17-08-2020, 04:06 PM",Kumar22,"Banglas are not choosy so I gather.,,She might find many job openings in this field or on the field, as the case may be..."
,,,https://forums.hardwarezone.com.sg/eat-drink-man-woman-16/ceca-bui-chee-retrenched-wor-158th-report-so-kelian-edmwers-got-lobang-her-6358262-6.html,81,"17-08-2020, 04:06 PM",SatkiBoy,"Bui snake,,Sent from Samsung SM-N960F using GAGT"
,,,https://forums.hardwarezone.com.sg/eat-drink-man-woman-16/ceca-bui-chee-retrenched-wor-158th-report-so-kelian-edmwers-got-lobang-her-6358262-6.html,82,"17-08-2020, 04:09 PM",DjumbaDjumba,I cannot make any more comment about CECA. They are Pinky's wife fav pet. i scared kena lashed out by her
,,,https://forums.hardwarezone.com.sg/eat-drink-man-woman-16/ceca-bui-chee-retrenched-wor-158th-report-so-kelian-edmwers-got-lobang-her-6358262-6.html,83,"17-08-2020, 04:10 PM",LordDeathZ,Can sleep well tonight!
,,,https://forums.hardwarezone.com.sg/eat-drink-man-woman-16/ceca-bui-chee-retrenched-wor-158th-report-so-kelian-edmwers-got-lobang-her-6358262-6.html,84,"17-08-2020, 05:05 PM",Wilberttt,"We locals face the same challenges and more. We have no alternative while they can just go back home.,,,"
,,,https://forums.hardwarezone.com.sg/eat-drink-man-woman-16/ceca-bui-chee-retrenched-wor-158th-report-so-kelian-edmwers-got-lobang-her-6358262-6.html,85,"17-08-2020, 05:06 PM",Successor.,"$2,000 don‚Äôt mind hiring her"
,,,https://forums.hardwarezone.com.sg/eat-drink-man-woman-16/ceca-bui-chee-retrenched-wor-158th-report-so-kelian-edmwers-got-lobang-her-6358262-6.html,86,"17-08-2020, 05:07 PM",Evil_Boss,take a flight back no one force her
,,,https://forums.hardwarezone.com.sg/eat-drink-man-woman-16/ceca-bui-chee-retrenched-wor-158th-report-so-kelian-edmwers-got-lobang-her-6358262-6.html,87,"17-08-2020, 05:08 PM",iwant2know,"Nabei cb 158 media really full of bullsh√¨ts,,Pls ask her fk back to her cuntry"
,,,https://forums.hardwarezone.com.sg/eat-drink-man-woman-16/ceca-bui-chee-retrenched-wor-158th-report-so-kelian-edmwers-got-lobang-her-6358262-6.html,88,"17-08-2020, 05:10 PM",krey,"noted.,,why never interview more local folks who kena retrench also."
,,,https://forums.hardwarezone.com.sg/eat-drink-man-woman-16/ceca-bui-chee-retrenched-wor-158th-report-so-kelian-edmwers-got-lobang-her-6358262-6.html,89,"17-08-2020, 05:14 PM",Why so serious,no FL market for her though. sad
,,,https://forums.hardwarezone.com.sg/eat-drink-man-woman-16/ceca-bui-chee-retrenched-wor-158th-report-so-kelian-edmwers-got-lobang-her-6358262-6.html,90,"17-08-2020, 05:14 PM",Shadow_Dancer,She can't go back to lapeland meh ?
,,,https://forums.hardwarezone.com.sg/eat-drink-man-woman-16/ceca-bui-chee-retrenched-wor-158th-report-so-kelian-edmwers-got-lobang-her-6358262-7.html,91,"17-08-2020, 05:16 PM",LemonSalmon,She can ask for help from an ugly man-monkey-looking lao aunty!
,,,https://forums.hardwarezone.com.sg/eat-drink-man-woman-16/ceca-bui-chee-retrenched-wor-158th-report-so-kelian-edmwers-got-lobang-her-6358262-7.html,92,"17-08-2020, 05:17 PM",HoraHoraHora,"Very transparent sia. Our journalists and scholars damn lousy, got no subtlety. Suddenly churn out so many news like this, only boomers will believe"
,,,https://forums.hardwarezone.com.sg/eat-drink-man-woman-16/ceca-bui-chee-retrenched-wor-158th-report-so-kelian-edmwers-got-lobang-her-6358262-7.html,93,"17-08-2020, 05:17 PM",Alpha_10,She lose her EP how come can still stay Singapore? They have few months to find job only right
,,,https://forums.hardwarezone.com.sg/eat-drink-man-woman-16/ceca-bui-chee-retrenched-wor-158th-report-so-kelian-edmwers-got-lobang-her-6358262-7.html,94,"17-08-2020, 05:17 PM",Hierophant,Nobody cares
,,,https://forums.hardwarezone.com.sg/eat-drink-man-woman-16/ceca-bui-chee-retrenched-wor-158th-report-so-kelian-edmwers-got-lobang-her-6358262-7.html,95,"17-08-2020, 05:18 PM",oreoiceblended,Noooo what do you mean but my uni has higher ranking!!!! Gib me job!!!
,,,https://forums.hardwarezone.com.sg/eat-drink-man-woman-16/ceca-bui-chee-retrenched-wor-158th-report-so-kelian-edmwers-got-lobang-her-6358262-7.html,96,"17-08-2020, 05:19 PM",fortunehunter,So she come here to create job or find job? i confuse.
,,,https://forums.hardwarezone.com.sg/eat-drink-man-woman-16/ceca-bui-chee-retrenched-wor-158th-report-so-kelian-edmwers-got-lobang-her-6358262-7.html,97,"17-08-2020, 05:24 PM",Mr Duck,Is time for them to go back their land. Singaporeans job priority.
,,,https://forums.hardwarezone.com.sg/eat-drink-man-woman-16/ceca-bui-chee-retrenched-wor-158th-report-so-kelian-edmwers-got-lobang-her-6358262-7.html,98,"17-08-2020, 05:25 PM",oreoiceblended,"It‚Äôs meant to appease the rising discontent and to that end it‚Äôs quite well written. It indirectly shows that foreigners are having trouble thanks to government policy protecting Singaporeans, and that they aren‚Äôt making that much at all. Whether if that‚Äôs true or not for the majority of expats is not the main point, as this double whammy towards the foreigner portrayed in the article probably placates the mildly discontent who may not have lost their jobs but may have noticed a substantial, albeit anecdotal, increase in Indian nationals working here."
,,,https://forums.hardwarezone.com.sg/eat-drink-man-woman-16/ceca-bui-chee-retrenched-wor-158th-report-so-kelian-edmwers-got-lobang-her-6358262-7.html,99,"17-08-2020, 05:26 PM",madcap386,"29 years old earning 4k wor...,,What is that she can do where local cannot do?,,"
,,,https://forums.hardwarezone.com.sg/eat-drink-man-woman-16/ceca-bui-chee-retrenched-wor-158th-report-so-kelian-edmwers-got-lobang-her-6358262-7.html,100,"17-08-2020, 05:31 PM",matrix05,Just swap to depandent pass and continue to look for jobs. no problem
,,,https://forums.hardwarezone.com.sg/eat-drink-man-woman-16/ceca-bui-chee-retrenched-wor-158th-report-so-kelian-edmwers-got-lobang-her-6358262-7.html,101,"17-08-2020, 05:32 PM",Travis_Touchdown,"This already exposed a question a lot here already asking, what's the thing she can do that locals can't?,,Isn't the reason fts are here to transfer skills they have to locals that locals dun hab?,,And huai she can still stay here for so long?"
,,,https://forums.hardwarezone.com.sg/eat-drink-man-woman-16/ceca-bui-chee-retrenched-wor-158th-report-so-kelian-edmwers-got-lobang-her-6358262-7.html,102,"17-08-2020, 05:36 PM",lazysundae,"there need to be proper immigration action enforced,,Once EP gone no right to stay in SG more than 2 weeks to pack up and leave. if say spouse also working here then kick them out and make them go through the DP application process proper,,EPs were given to bring foreigner in for a role after the role cant be filled by a local. Once that job disappears so does the former pass holder's justification to be here. the authorities and the press are retarded to talk abt the job hunt of a former EP holder. its pretty clear she wouldn't be the special type of personal EP not tied to a company,,Sent from Anfield YNWA using GAGT"
,,,https://forums.hardwarezone.com.sg/eat-drink-man-woman-16/ceca-bui-chee-retrenched-wor-158th-report-so-kelian-edmwers-got-lobang-her-6358262-7.html,103,"17-08-2020, 05:42 PM",popdod,"jin chiam,jin ko lian....,,need crowdfunding?"
,,,https://forums.hardwarezone.com.sg/eat-drink-man-woman-16/ceca-bui-chee-retrenched-wor-158th-report-so-kelian-edmwers-got-lobang-her-6358262-7.html,104,"17-08-2020, 05:57 PM",neo_aw,this type of news is seriously staged ...........
,,,https://forums.hardwarezone.com.sg/eat-drink-man-woman-16/ceca-bui-chee-retrenched-wor-158th-report-so-kelian-edmwers-got-lobang-her-6358262-7.html,105,"17-08-2020, 05:58 PM",xKomon,"Wa u are back swee lah,,Sent from Moi phone lah using GAGT"
,,,https://forums.hardwarezone.com.sg/eat-drink-man-woman-16/ceca-bui-chee-retrenched-wor-158th-report-so-kelian-edmwers-got-lobang-her-6358262-8.html,106,"17-08-2020, 06:00 PM",Why so serious,
,,,https://forums.hardwarezone.com.sg/eat-drink-man-woman-16/ceca-bui-chee-retrenched-wor-158th-report-so-kelian-edmwers-got-lobang-her-6358262-8.html,107,"17-08-2020, 06:01 PM",LionsTurf,"I thought after EP cancelled got 30 days to Balik Kampong.,,That's why got many FT KPKB about not being able to find a new job within 30 days."
,,,https://forums.hardwarezone.com.sg/eat-drink-man-woman-16/ceca-bui-chee-retrenched-wor-158th-report-so-kelian-edmwers-got-lobang-her-6358262-8.html,108,"17-08-2020, 06:01 PM",oreoiceblended,"Isn‚Äôt it to drive down wage levels by increasing labour supply? To that end it‚Äôll increase profits for firms. I could see people who will be delighted with that, although certainly not for those affected,,But I believe they selected this 4k figure and highlighted it because it‚Äôs substantially below median wage of 4.6k. So most people will look at this character from higher ground, and feel pity or even mild delight depending on their person. Isn‚Äôt it the best way to placate discontent by evoking such feelings?,,The first thought a person will get is more like ‚Äúaw, so bad for her‚Äù rather than ‚Äúhuh what can she do that I can‚Äôt do??‚Äù Since MORE THAN 50 percent of Singaporeans make more than her and so are not impacted by the loss of a job opportunity below their income bracket. And just like this election has shown, if a majority is fine with it, no matter how the minority cries and shouts, it‚Äôll be alright."
,,,https://forums.hardwarezone.com.sg/eat-drink-man-woman-16/ceca-bui-chee-retrenched-wor-158th-report-so-kelian-edmwers-got-lobang-her-6358262-8.html,109,"17-08-2020, 06:06 PM",Why so serious,"fresh grad cant find job for 6 months... whats 30 days?,,send them all back!"
,,,https://forums.hardwarezone.com.sg/eat-drink-man-woman-16/ceca-bui-chee-retrenched-wor-158th-report-so-kelian-edmwers-got-lobang-her-6358262-8.html,110,"17-08-2020, 06:06 PM",SGMale,Sinkies should help her to find a job soon.
,,,https://forums.hardwarezone.com.sg/eat-drink-man-woman-16/ceca-bui-chee-retrenched-wor-158th-report-so-kelian-edmwers-got-lobang-her-6358262-8.html,111,"17-08-2020, 06:14 PM",cuppa,Higher pay. Her next hop.
,,,https://forums.hardwarezone.com.sg/eat-drink-man-woman-16/ceca-bui-chee-retrenched-wor-158th-report-so-kelian-edmwers-got-lobang-her-6358262-8.html,112,"17-08-2020, 06:22 PM",Prime 13,"Many many news to show Foreign Talents From Single Nationality as poor thing, in the same boat as sinkies, or very capable and sinkies are blessed to hab them."
,,,https://forums.hardwarezone.com.sg/eat-drink-man-woman-16/ceca-bui-chee-retrenched-wor-158th-report-so-kelian-edmwers-got-lobang-her-6358262-8.html,113,"17-08-2020, 06:22 PM",Prime 13,Why not she ownself fork out $500 go smlj skills future?
,,,https://forums.hardwarezone.com.sg/eat-drink-man-woman-16/ceca-bui-chee-retrenched-wor-158th-report-so-kelian-edmwers-got-lobang-her-6358262-8.html,114,"17-08-2020, 06:24 PM",lalalalalala,Wow help jobless ft advertise not premium article? 158 really got their priorities right
,,,https://forums.hardwarezone.com.sg/eat-drink-man-woman-16/ceca-bui-chee-retrenched-wor-158th-report-so-kelian-edmwers-got-lobang-her-6358262-8.html,115,"17-08-2020, 06:26 PM",reallyworry,"why is she allowed to stay here and look for job?,,PR again?,,fark u PAP"
,,,https://forums.hardwarezone.com.sg/eat-drink-man-woman-16/ceca-bui-chee-retrenched-wor-158th-report-so-kelian-edmwers-got-lobang-her-6358262-8.html,116,"17-08-2020, 06:26 PM",UptheToon,158th never disappoints. They interest are so well taken care of.
,,,https://forums.hardwarezone.com.sg/eat-drink-man-woman-16/ceca-bui-chee-retrenched-wor-158th-report-so-kelian-edmwers-got-lobang-her-6358262-8.html,117,"17-08-2020, 06:26 PM",UptheToon,Yup. 61% voted for blank cheque.
,,,https://forums.hardwarezone.com.sg/eat-drink-man-woman-16/ceca-bui-chee-retrenched-wor-158th-report-so-kelian-edmwers-got-lobang-her-6358262-8.html,118,"17-08-2020, 06:27 PM",blackestvoid,"pls investigate the cumpany for unfair practices,ceca cunt be leetrenched only sinkies can"
,,,https://forums.hardwarezone.com.sg/eat-drink-man-woman-16/ceca-bui-chee-retrenched-wor-158th-report-so-kelian-edmwers-got-lobang-her-6358262-8.html,119,"17-08-2020, 06:28 PM",laopokcar_g,"Featuring a lowly paid ceca for sympathy,,Don't dare feature all the high paying ceca who still have their jobs,,158th story telling sucks,,Sent from - CECA is Corporates Enriched, Citizens Angry -  using GAGT"
,,,https://forums.hardwarezone.com.sg/eat-drink-man-woman-16/ceca-bui-chee-retrenched-wor-158th-report-so-kelian-edmwers-got-lobang-her-6358262-8.html,120,"17-08-2020, 06:28 PM",SGMale,$500 can go Uptron study a MBA liao.
,,,https://forums.hardwarezone.com.sg/eat-drink-man-woman-16/ceca-bui-chee-retrenched-wor-158th-report-so-kelian-edmwers-got-lobang-her-6358262-9.html,121,"17-08-2020, 06:29 PM",dexterkim,
,,,https://forums.hardwarezone.com.sg/eat-drink-man-woman-16/ceca-bui-chee-retrenched-wor-158th-report-so-kelian-edmwers-got-lobang-her-6358262-9.html,122,"17-08-2020, 06:30 PM",Horsepower,Ask her go rent a bike do grab food la. Can exercise also ma.
,,,https://forums.hardwarezone.com.sg/eat-drink-man-woman-16/ceca-bui-chee-retrenched-wor-158th-report-so-kelian-edmwers-got-lobang-her-6358262-9.html,123,"17-08-2020, 06:31 PM",kingmax,U VOTED FOR CECA LEE AND HO JINX.
,,,https://forums.hardwarezone.com.sg/eat-drink-man-woman-16/ceca-bui-chee-retrenched-wor-158th-report-so-kelian-edmwers-got-lobang-her-6358262-9.html,124,"17-08-2020, 06:31 PM",mrjack,Chao ceca can come in just like that and earn 4k? Poor sinkies that have server their ns and finished their ict cycles many of them can't even earn that amount.
,,,https://forums.hardwarezone.com.sg/eat-drink-man-woman-16/ceca-bui-chee-retrenched-wor-158th-report-so-kelian-edmwers-got-lobang-her-6358262-9.html,125,"17-08-2020, 06:31 PM",Why so serious,"Lol at this time feature high paying suicidal sia,,But I like the idea"
,,,https://forums.hardwarezone.com.sg/eat-drink-man-woman-16/ceca-bui-chee-retrenched-wor-158th-report-so-kelian-edmwers-got-lobang-her-6358262-9.html,126,"17-08-2020, 06:32 PM",matey1982,eeeeeeeeeeeeeeeeeeeeeeeeeeeeeeeeeeeeeeeeeeeeeeeeeeee
,,,https://forums.hardwarezone.com.sg/eat-drink-man-woman-16/ceca-bui-chee-retrenched-wor-158th-report-so-kelian-edmwers-got-lobang-her-6358262-9.html,127,"17-08-2020, 06:33 PM",ramlee,Bui hum spotted
,,,https://forums.hardwarezone.com.sg/eat-drink-man-woman-16/ceca-bui-chee-retrenched-wor-158th-report-so-kelian-edmwers-got-lobang-her-6358262-9.html,128,"17-08-2020, 06:34 PM",espenlind,Ho Jinx should just give her a high post so she won't suffer.
,,,https://forums.hardwarezone.com.sg/eat-drink-man-woman-16/ceca-bui-chee-retrenched-wor-158th-report-so-kelian-edmwers-got-lobang-her-6358262-9.html,129,"17-08-2020, 06:36 PM",Aaron_soh80,fck bk to mubai pls..
,,,https://forums.hardwarezone.com.sg/eat-drink-man-woman-16/ceca-bui-chee-retrenched-wor-158th-report-so-kelian-edmwers-got-lobang-her-6358262-9.html,130,"17-08-2020, 06:38 PM",sg patriot missle,4K is called expat?
,,,https://forums.hardwarezone.com.sg/eat-drink-man-woman-16/ceca-bui-chee-retrenched-wor-158th-report-so-kelian-edmwers-got-lobang-her-6358262-9.html,131,"17-08-2020, 06:38 PM",sg patriot missle,Yes that‚Äôs true she should
,,,https://forums.hardwarezone.com.sg/eat-drink-man-woman-16/ceca-bui-chee-retrenched-wor-158th-report-so-kelian-edmwers-got-lobang-her-6358262-9.html,132,"17-08-2020, 06:39 PM",laopokcar_g,"Last few weeks so much ceca bashing online and on ST,,Now must do damage control and sympathy gaining,,Sent from - CECA is Corporates Enriched, Citizens Angry -  using GAGT"
,,,https://forums.hardwarezone.com.sg/eat-drink-man-woman-16/ceca-bui-chee-retrenched-wor-158th-report-so-kelian-edmwers-got-lobang-her-6358262-9.html,133,"17-08-2020, 06:41 PM",luei74,"Ê≠ª‰∫Ü‰∏Ä‰∏™„ÄÇ„ÄÇ„ÄÇÂçÉÂçÉ‰∏á‰∏á‰∏™ËøòÂú®,,,Sent from Xiaomi MI MAX 3 using GAGT"
,,,https://forums.hardwarezone.com.sg/eat-drink-man-woman-16/ceca-bui-chee-retrenched-wor-158th-report-so-kelian-edmwers-got-lobang-her-6358262-9.html,134,"17-08-2020, 06:53 PM",Supersen,"JSS apply to PR or EP??,sry too many policies nowadays till i blur"
,,,https://forums.hardwarezone.com.sg/eat-drink-man-woman-16/ceca-bui-chee-retrenched-wor-158th-report-so-kelian-edmwers-got-lobang-her-6358262-9.html,135,"17-08-2020, 07:03 PM",uselessbum,"She can jolly well go back to India and look for one. I'm sure Modi will be able to help her no? Given all the hype about the ""1.3 billion"", she should have no problem finding one there in no time. She tries to give an impression of being ""humble"" but apparently not humble enough to recognize that expat job is a luxury at this point and that she should just go back to try her luck in her own country where there is likely to be more support for her as a native. Sinkies already have trouble trying to fill our own bowl, she expecting us to deprive one of our own and give her one?,,By the way, why 158 ""covid special"" do a piece on her out of all people? She very special meh? I'm sure there are plenty of sinkies who are in even more terok situation than her.,,"
,,,https://forums.hardwarezone.com.sg/eat-drink-man-woman-16/ceca-bui-chee-retrenched-wor-158th-report-so-kelian-edmwers-got-lobang-her-6358262-10.html,136,"17-08-2020, 07:05 PM",laopokcar_g,"Maybe she apply dependant pass while she looks for jobs?,,No wonder India import cases so many dependent pass,,Sent from - CECA is Corporates Enriched, Citizens Angry -  using GAGT"
,,,https://forums.hardwarezone.com.sg/eat-drink-man-woman-16/ceca-bui-chee-retrenched-wor-158th-report-so-kelian-edmwers-got-lobang-her-6358262-10.html,137,"17-08-2020, 07:06 PM",dannytan87,"ÂëÉÂëÉÂëÉÂëÉÂëÉÂëÉ.......,,ÊúãÂèãÔºå‰Ω†ËøîÂéªÂç∞Â∫¶È£üËïâÂï¶ÔºÅ"
,,,https://forums.hardwarezone.com.sg/eat-drink-man-woman-16/ceca-bui-chee-retrenched-wor-158th-report-so-kelian-edmwers-got-lobang-her-6358262-10.html,138,"17-08-2020, 07:07 PM",invigo79,"Wah even 158th sarpork ceca.,,Sent from Home using GAGT"
,,,https://forums.hardwarezone.com.sg/eat-drink-man-woman-16/ceca-bui-chee-retrenched-wor-158th-report-so-kelian-edmwers-got-lobang-her-6358262-10.html,139,"17-08-2020, 07:08 PM",OddEye,"Don underestimate dependent pass, they are the foreigner multiplier over the years"
,,,https://forums.hardwarezone.com.sg/eat-drink-man-woman-16/ceca-bui-chee-retrenched-wor-158th-report-so-kelian-edmwers-got-lobang-her-6358262-10.html,140,"17-08-2020, 07:49 PM",compro_1975,knowing she losed her job i feel so slpy cos another sinkie can have a chance of the job soon
,,,https://forums.hardwarezone.com.sg/eat-drink-man-woman-16/ceca-bui-chee-retrenched-wor-158th-report-so-kelian-edmwers-got-lobang-her-6358262-10.html,141,"17-08-2020, 08:25 PM",Muachee997,"Can anyone po mata and ask ICA to check for overstay? The husband s-pass not able to sponsor ceca dependent pass, so very likely overstay."
,,,https://forums.hardwarezone.com.sg/eat-drink-man-woman-16/ceca-bui-chee-retrenched-wor-158th-report-so-kelian-edmwers-got-lobang-her-6358262-10.html,142,"17-08-2020, 09:35 PM",maosaikopi,"As long as the 61% are around, chao stinkie shitizens can just pray to the trees at botanic gardens to help them"
,,,https://forums.hardwarezone.com.sg/eat-drink-man-woman-16/ceca-bui-chee-retrenched-wor-158th-report-so-kelian-edmwers-got-lobang-her-6358262-10.html,143,"17-08-2020, 09:43 PM",5408854088,
,,,https://forums.hardwarezone.com.sg/eat-drink-man-woman-16/ceca-bui-chee-retrenched-wor-158th-report-so-kelian-edmwers-got-lobang-her-6358262-10.html,144,"17-08-2020, 09:49 PM",Joe Maya,"These FT CECA got weird title analyst but do data entry work getting sinkie assistant manager pay.,,,Sinkie if want to get $4000 have to do so many **** and responsibility."
,,,https://forums.hardwarezone.com.sg/eat-drink-man-woman-16/ceca-bui-chee-retrenched-wor-158th-report-so-kelian-edmwers-got-lobang-her-6358262-10.html,145,"17-08-2020, 09:51 PM",LionsTurf,S pass can apply for DP? I didn't think so.
,,,https://forums.hardwarezone.com.sg/eat-drink-man-woman-16/ceca-bui-chee-retrenched-wor-158th-report-so-kelian-edmwers-got-lobang-her-6358262-10.html,146,"17-08-2020, 09:54 PM",Bohuatoh,"She should go and serve Ramesh and they have the same chemisty and same ....................................,"
,,,https://forums.hardwarezone.com.sg/eat-drink-man-woman-16/ceca-bui-chee-retrenched-wor-158th-report-so-kelian-edmwers-got-lobang-her-6358262-10.html,147,"17-08-2020, 09:57 PM",Joe Maya,And I can bet more than 70% of them can do her job with lower pay.
,,,https://forums.hardwarezone.com.sg/eat-drink-man-woman-16/ceca-bui-chee-retrenched-wor-158th-report-so-kelian-edmwers-got-lobang-her-6358262-10.html,148,"17-08-2020, 10:08 PM",Libbis,Sg proby is t only country u can openly fly here stay n find job.
,,,https://forums.hardwarezone.com.sg/eat-drink-man-woman-16/ceca-bui-chee-retrenched-wor-158th-report-so-kelian-edmwers-got-lobang-her-6358262-10.html,149,"17-08-2020, 10:36 PM",jack-320,"Well can always go back,,Oh wait,,no flights available,,so they have their short term visit pass extended,,Until they get IPA from new employer?"
,,,https://forums.hardwarezone.com.sg/eat-drink-man-woman-16/ceca-bui-chee-retrenched-wor-158th-report-so-kelian-edmwers-got-lobang-her-6358262-10.html,150,"17-08-2020, 10:38 PM",whuttt,Why bo flight? Sho many come in. Sho many go back too.
,,,https://forums.hardwarezone.com.sg/eat-drink-man-woman-16/ceca-bui-chee-retrenched-wor-158th-report-so-kelian-edmwers-got-lobang-her-6358262-11.html,151,"17-08-2020, 10:42 PM",freshsoapsmell,"yucks.,,just yucks.,,its okay, Temasek will have a place for her kind."
,,,https://forums.hardwarezone.com.sg/eat-drink-man-woman-16/ceca-bui-chee-retrenched-wor-158th-report-so-kelian-edmwers-got-lobang-her-6358262-11.html,152,"17-08-2020, 10:43 PM",jack-320,"Really?,,But i see no flight available for Aug 2020 from SG to india, i just check one only,,anyways they can have their STVP extended by mom stating that they cannot go back due to india's flight restriction,,meanwhile can apply for new job until STVP can no longer be extended,,If they still do not get IPA,,Then off they go,,Bye bye"
,,,https://forums.hardwarezone.com.sg/eat-drink-man-woman-16/ceca-bui-chee-retrenched-wor-158th-report-so-kelian-edmwers-got-lobang-her-6358262-11.html,153,"17-08-2020, 10:44 PM",d3n,"Got job offer liao right,,,"
,,,https://forums.hardwarezone.com.sg/eat-drink-man-woman-16/ceca-bui-chee-retrenched-wor-158th-report-so-kelian-edmwers-got-lobang-her-6358262-11.html,154,"17-08-2020, 10:56 PM",jack-320,"Actually many companies can use this opportunity to get rid of EPs FTs and build a strong Singapore core,,But no, rather they apply job application for them for MOM approval,,EP no need to pay for insurance and air ticket,,SP and WP yes,,What are employers thinking, not building SG core,,MOM must investigate,,And the question is always...,,Who did you voted for?"
,,,https://forums.hardwarezone.com.sg/eat-drink-man-woman-16/ceca-bui-chee-retrenched-wor-158th-report-so-kelian-edmwers-got-lobang-her-6358262-11.html,155,"17-08-2020, 11:01 PM",PiPiChew,"4k can be called as expat?,,Local uni fresh grad all 4k le leh,,Sent from A Young Urban Professional Who Is Highly Sought After By At Least 3 Companies - Telco, Utility And Credit Card using GAGT"
